{
  "version": 1,
  "author": "Aaron Ángeles",
  "editor": "wokwi",
  "parts": [
    {
      "type": "wokwi-breadboard-mini",
      "id": "bb1",
      "top": 227.6,
      "left": -56.4,
      "rotate": 180,
      "attrs": { "color": "#eeefed" }
    },
    { "type": "board-esp32-devkit-c-v4", "id": "esp", "top": -38.4, "left": -52.76, "attrs": {} },
    { "type": "wokwi-gas-sensor", "id": "gas1", "top": -6.9, "left": 141.4, "attrs": {} },
    {
      "type": "wokwi-buzzer",
      "id": "bz1",
      "top": 88.8,
      "left": 145.8,
      "attrs": { "volume": "0.1" }
    },
    {
      "type": "wokwi-resistor",
      "id": "r1",
      "top": 254.4,
      "left": 153.05,
      "rotate": 90,
      "attrs": { "value": "1000" }
    }
  ],
  "connections": [
    [ "esp:TX", "$serialMonitor:RX", "", [] ],
    [ "esp:RX", "$serialMonitor:TX", "", [] ],
    [ "gas1:GND", "esp:GND.2", "black", [ "h9.6", "v-48.8", "h-230.4" ] ],
    [ "gas1:VCC", "esp:3V3", "red", [ "h19.2", "v-87.3", "h-345.6" ] ],
    [ "gas1:AOUT", "esp:34", "green", [ "h28.8", "v-67.2", "h-364.8", "v86.4" ] ],
    [ "esp:25", "bz1:2", "green", [ "v0", "h-9.45", "v115.2", "h240" ] ],
    [ "bz1:1", "esp:GND.1", "green", [ "v19.2", "h-240", "v-76.8" ] ]
  ],
  "dependencies": {}
}